"rgn_id","year","percent"
1,1998,18.58065997
1,2001,10.46886078
1,2002,11.35780088
1,2003,11.30254971
1,2004,10.96696885
1,2005,9.15706122
1,2006,8.51113245000001
1,2007,8.26457442
1,2008,11.33830127
1,2009,18.01200236
1,2010,12.8738867699
