"rgn_id","product","weight"
1,"corals",0
1,"fish_oil",0.21398226593182
1,"ornamentals",0.440256553617236
1,"seaweeds",0.243615469709989
1,"shells",0.00274603453333827
1,"sponges",0.0993996762076169
